Time,FlowRate,InletTemperature,OutletTemperature,AirTemperature,RelativeHumidity
0,41.64845525,25.17242272,29.77133143,29.8,82.7
10,40.59219109,25.60320837,30.26380427,29.8,84.6
20,43.10627917,25.56351357,28.96547211,30.4,84.3
30,42.60687344,25.15150703,27.51969857,30,85.5
40,43.89418165,25.08492031,28.23307779,29.8,81.3
50,43.75510543,25.35947824,27.45370492,30.6,84.8
60,43.15461112,25.5934093,28.58069473,30.4,85
70,41.44516902,25.81414483,28.97847901,30.3,83.2
80,42.1473548,25.22311092,27.46397499,30.7,83.9
90,43.27267706,25.10939979,29.15449736,30.5,84.3
100,46.37208608,25.14325881,28.53324412,30.2,83.8
110,45.63330887,25.24475328,29.61498721,30.5,85.1
120,45.44629627,25.37391919,29.9510822,29.9,82.4
130,44.68241458,25.24084728,27.62280596,30.7,84.9
140,45.4756523,25.12070089,29.25538466,30.5,85
150,46.53041682,25.35649013,27.35924211,30.4,82.4
160,45.56662081,25.49362816,28.68557494,29.8,83.3
170,46.13384779,25.02771793,29.21585822,30.1,80.9
180,46.56944966,25.70145744,30.13179781,30.3,81.4
190,42.24145038,25.16459939,28.29634947,30.3,84.4
200,42.4949062,25.38958776,28.3239305,30.5,82.4
210,42.60119382,25.24822151,28.3458132,30.7,84.7
220,45.7277584,25.35449184,28.34317143,30.7,84
230,44.6861144,25.60555318,28.41349482,29.9,81.5
240,40.83670327,25.40932736,27.69783679,29.8,81.6
250,40.60398222,25.28111918,27.28860689,30.4,84.9
260,41.64277348,25.36425243,28.47230822,30.5,84
270,42.90797355,25.37195933,28.89178185,29.8,80.8
280,40.21028654,25.62606834,29.37323726,30.5,82.7
290,38.4034444,24.92112338,29.31624544,30,82.6
300,38.53586817,25.54627468,29.84122908,30.4,84.6
310,39.07085109,25.02184732,29.55184849,30.3,83.5
320,40.1673358,25.65781209,30.19967812,30,82.8
330,40.10875459,25.77113644,28.78503066,30.6,81.8
340,39.53623674,25.53209177,29.81925321,30.3,83.4
350,36.19622645,25.66297681,28.21836829,30,84.3
360,35.9522172,24.92921337,27.67166033,29.9,85
370,35.12399361,24.99844553,28.53730667,30.5,85.1
380,37.51635615,25.21845378,28.2222977,30,84.8
390,36.33212273,25.61148472,28.99893273,30,85.5
400,35.46200607,25.18626138,27.83418705,30,82
410,36.8933541,25.66314135,27.90349949,30.1,80.7
420,32.93900012,25.27648659,27.32823476,30.1,85.3
430,34.51039456,25.31081077,28.31479718,30.2,80.8
440,35.09942797,25.07784418,27.05619812,30.7,82.3
450,36.95823439,25.06499016,29.07428483,30.6,83.3
460,36.61526374,24.89529849,28.16875084,30.2,82.8
470,37.54514951,24.95585373,27.00568374,29.9,84
480,32.82031497,25.27561598,29.96800479,30.2,84.4
490,36.92540603,25.69987384,30.46943007,29.9,81.7
500,34.3972192,24.98256418,29.04296844,30.2,84.7
510,37.4503414,25.18221311,29.99126268,30.1,85.2
520,35.56614857,25.14683309,29.74695573,29.9,82
530,37.06060866,25.51215542,28.87335764,30.4,84.8
540,35.7327249,25.26300578,28.82967071,30.4,82.4
550,37.00974517,25.86005863,29.79029383,30.7,84.4
560,40.44124371,25.31180338,29.96371592,30.7,84.4
570,40.86726121,25.37585827,28.13589807,30.1,85
580,38.69413818,25.57283672,27.71653494,30.6,83
590,39.81819167,25.42795277,28.77207768,30,82.7
600,39.44378206,25.6398275,29.10668165,29.8,85.2
610,40.1861694,24.973438,27.47390621,30.5,82.3
620,40.55796309,25.14741493,29.40978138,30.1,83.6
630,43.92985892,25.7948692,28.38176528,30.4,81.7
640,41.29100654,25.59291328,29.2283606,30.2,85.4
650,40.05994446,24.96168294,28.86438132,30.6,82
660,45.25957047,25.46284115,29.49152144,30,84.3
670,42.09833728,25.00057522,26.99745938,30.4,84.3
680,45.89216749,25.62423521,29.28677185,30.5,81.2
690,41.84601714,25.42822471,27.87582806,29.7,84.7
700,42.07672797,25.8419403,28.11104728,30.5,80.9
710,42.4747431,25.58384032,29.48618645,30.2,84.5
720,42.31884498,25.37428881,28.0950745,30.6,85.2
730,46.83516907,25.14419421,29.55197034,30.4,84.9
740,43.70822297,25.42566944,27.92095163,30,81.3
750,46.54472503,25.72016127,27.41659626,30.7,85.3
760,44.70137464,24.98941,28.72880394,30.1,84.5
770,45.93862921,24.97471153,26.70860894,30.2,84.8
780,46.50952062,25.20876404,27.16678912,30.1,81.7
790,46.03287937,25.34708431,29.87620031,30,84.8
800,42.34227034,25.16340231,29.47505748,30.6,85.1
810,43.84593802,25.01666029,27.23537265,29.9,82.5
820,46.02599838,25.51551363,28.36569294,30,81.6
830,42.48361811,25.0784832,27.16463788,30.7,81.5
840,40.48246582,25.27075449,27.34710094,30.1,84.1
850,43.42755504,24.98627012,28.92195305,30.5,83.2
860,42.12540004,25.45085892,28.2591156,29.9,80.9
870,42.2404081,25.53446892,27.66155908,30.2,84.2
880,41.58329214,25.26090121,28.7480371,30.3,80.8
890,38.05997827,25.25843939,28.5910789,30.5,84.2
900,39.97406958,25.49073897,27.72325178,30.7,83.5
910,40.58980555,25.72992696,29.00030848,30.3,85
920,38.69566067,25.83042391,28.0218987,29.9,81
930,35.9861723,25.15110926,27.14671207,30.2,80.7
940,35.82550534,25.05377459,29.90774161,30.4,85.3
950,36.91208351,25.03750493,27.98567326,30.5,82.3
960,37.47714025,25.0623632,29.82308615,30.4,80.7
970,36.78963923,25.11981254,28.39880893,30.3,84.2
980,35.09407209,25.20672967,29.88340574,30.7,83.1
990,37.78577938,25.20980612,27.99632915,30,81.1
1000,36.68684571,25.47056641,28.96218028,30.2,81.5
1010,35.55585899,25.71301642,29.73898164,30.7,83.6
1020,34.47075095,25.21820077,28.27410203,30,81.5
1030,37.12865991,25.15119839,28.629043,30.1,82.9
1040,33.53683606,25.67859941,27.71505306,30,85.2
1050,35.3197102,25.62375045,28.54313498,29.9,81.3
1060,34.90128677,25.53535327,29.63291743,29.8,84.5
1070,36.62217166,24.93185017,28.35252216,30.1,84.4
1080,35.10689545,25.55200865,30.00329909,30.7,82.3
1090,32.95176558,25.0315665,27.41902811,30.1,82.7
1100,38.09000046,25.13167918,28.2699576,29.9,85.1
1110,35.86050101,25.47357063,29.86760292,30.4,84.6
1120,35.13728897,25.17793599,27.99068477,30.3,83.8
1130,37.72027711,25.03569699,28.34955491,30.4,81.3
1140,35.81518622,25.10142008,29.76451513,29.8,83.9
1150,39.88929093,25.86646766,28.801833,30.1,81.1
1160,36.90182311,25.48484622,27.81740817,30.5,80.7
1170,40.37975142,24.93991764,29.19724259,30.1,81.7
1180,38.74499381,25.02478075,29.16579511,29.8,84.8
1190,37.05347751,24.90389499,27.28732024,30,81.2
1200,37.53194084,25.29162202,28.8630802,29.8,82.9
1210,38.78195525,24.98929059,27.87761117,30.6,81.1
1220,39.62672537,25.34838585,27.20158201,30.4,84.5
1230,42.35937805,25.49799981,29.18627691,30.5,81
1240,42.11243882,25.09049028,28.24853129,30.1,83.5
1250,43.68177756,25.01695768,29.50203498,29.9,80.9
1260,44.68833168,25.44090137,29.42665296,29.8,83
1270,40.87383633,24.9801035,27.59757661,30.4,81.9
1280,42.10141863,24.99423226,28.07167767,30.1,84.4
1290,45.61929338,25.35765735,29.89022422,30.4,84.4
1300,41.83924463,25.42408044,27.49292391,30.7,81.7
1310,47.03353348,25.97218275,28.6538109,30.1,82.7
1320,47.141871,25.59978963,27.95397373,29.9,85.2
1330,45.50116171,25.49361434,28.71847551,30.3,85.6
1340,44.78897729,25.38499703,29.53066997,30.5,85.3
1350,44.12089596,25.35796001,29.86157885,30.5,85.1
1360,47.13014319,25.73224361,28.46235404,30.2,81.7
1370,42.77936722,25.52861552,29.58099914,30.2,80.6
1380,43.51633187,25.46104857,29.36438333,30.1,84.7
1390,43.57945153,25.73109482,29.65501586,30.1,81.7
1400,42.48745786,25.15580795,27.82585208,30.6,82.5
1410,45.93321784,25.50034078,29.87210204,30.1,81.3
1420,43.61940603,25.33929156,27.38022567,30.2,85.4
1430,41.29076469,25.8111091,28.90901707,30.2,81.8
1440,44.94432601,25.16637412,29.49739682,30,84.4
1450,40.30103639,25.24119769,28.64313063,30.4,83.7
1460,39.95643812,25.16355064,27.83913985,30,83.3
1470,42.41670392,25.66054645,29.96311147,30.4,84.3
1480,38.79354741,25.2637818,29.018628,30.1,82.2
1490,38.18052472,25.87541605,28.66704871,30.3,84.8
1500,38.64920077,24.90938093,28.86476419,29.8,81.9
1510,37.92405248,25.62547283,29.20746378,30,81.4
1520,38.49479052,25.33585557,27.33994381,30.6,81.5
1530,40.52055821,25.5148523,28.0156196,29.9,84.5
1540,35.96338151,25.79144874,28.58218428,30.2,85.1
1550,39.4525956,24.97807881,29.03440858,30.1,83
1560,37.7217123,25.85186528,29.46637333,30,83.2
1570,38.46145623,25.41536368,29.26432851,30.5,84
1580,37.80343638,25.27449063,29.81372395,30.4,81.4
1590,34.7620974,25.02467831,28.44258538,30.5,81.1
1600,37.43056124,24.94002085,28.08306555,30.1,80.6
1610,36.44491519,25.06319814,28.42149279,29.8,82.8
1620,34.56219516,24.90283383,27.08119246,30.7,85.1
1630,33.59749974,25.64331106,28.41915721,30.2,85.2
1640,36.29673484,25.43050297,28.62501873,30.2,80.7
1650,36.60842744,25.44835446,28.686974,29.9,82.3
1660,32.8477263,25.12269282,30.06389959,29.9,84.8
1670,33.4449994,25.36964379,28.34434736,30.2,82.2
1680,35.91268528,25.03871959,26.98140152,30.4,82.7
1690,36.7020391,25.73740204,30.00632169,30,84.1
1700,33.17162641,25.28214325,29.64623781,30.1,84
1710,36.31446098,25.62759793,30.32230465,29.9,82.3
1720,35.46704236,25.01644653,28.31849495,30.6,81.9
1730,35.81797604,25.53592099,29.38981975,30.3,81.3
1740,36.02430489,25.84054024,30.68825745,30.2,81.7
1750,36.37630027,25.39399787,28.75930396,30,85.5
1760,36.23130539,25.34088949,27.30763193,30.4,81
1770,38.80649568,25.0771075,28.81962269,30,83.3
1780,37.88456006,25.53020983,29.61139736,30.4,81.1
1790,39.00413585,25.83790764,28.99777982,30.5,83.3
1800,40.06760758,25.86899013,30.30455139,30.3,83.4
1810,41.36501817,25.42815772,28.39201566,30.4,81
1820,38.61352593,25.578528,30.22932162,30.5,84.6
1830,39.52892893,25.23133549,29.48039878,29.9,85.4
1840,43.33966308,25.16689507,28.12350026,30,85.3
1850,43.4329237,24.94160922,27.59218696,30.1,80.7
1860,42.36767238,25.40558925,28.39549595,30.3,83.8
1870,44.79674945,25.13446763,28.87064794,30.3,84.2
1880,43.05978366,25.3938513,28.06033841,30.1,82.3
1890,43.70207101,25.40941638,29.84668917,29.8,81.5
1900,45.63264482,25.93158377,30.04466563,29.9,81.4
1910,42.44136648,25.49313325,27.84007234,29.9,84.5
1920,45.83838619,25.28440678,28.52677692,30.6,85.3
1930,42.76363211,25.91299947,30.32432445,30.4,83.4
1940,43.22977246,25.48640762,29.61944101,30.1,83.8
1950,46.63492736,25.93838997,28.66814839,29.8,82.6
1960,47.21901451,25.40678769,29.11450868,30.5,84.1
1970,46.65546229,25.48282135,28.79954463,30.4,82.5
1980,46.18023314,25.35874135,27.60213854,30.4,81.5
1990,44.96516428,25.36578036,28.15319924,30.7,84.6
2000,44.28156857,25.50210142,28.0665405,30.3,83.1
2010,46.35087918,25.65338154,29.71926983,30.7,83.8
2020,44.12796555,25.78778612,29.84597379,30.6,84.4
2030,44.00559546,25.21182972,28.7679467,30,83.3
2040,42.97885537,25.89895507,29.85276513,29.8,84.3
2050,42.03900032,25.65039978,28.77124819,29.8,80.6
2060,39.62101658,25.23230984,27.53013772,29.8,83.8
2070,41.09555805,25.35150733,29.28372883,30.3,83.9
2080,43.53618014,25.76613546,29.79781106,30.2,85
2090,38.8880772,25.05221068,29.688067,30.6,83.8
2100,41.93143143,25.64948318,29.64849115,30.7,84.3
2110,41.82892156,25.41356687,27.83125788,29.9,84.8
2120,37.38974113,25.37850533,28.35879441,30.6,84.1
2130,38.35579719,25.77044667,29.84879451,30.6,80.7
2140,39.25527494,25.76058849,28.02076552,30.6,82.4
2150,36.76320125,25.67261354,29.31966473,29.9,84
2160,37.5663141,25.84755432,28.26014563,30.1,82.8
2170,36.01355616,25.81098716,28.02992013,30.3,81.7
2180,35.07616627,24.88250793,28.86737008,30.5,82.9
2190,36.90381777,24.88554375,27.58321312,29.9,81.9
2200,36.1134423,25.30506696,29.46823949,30.6,85.2
2210,33.28460348,25.66525724,29.08802866,30.2,80.9
2220,37.19725692,25.87152775,29.99700701,29.8,83.2
2230,35.59092526,25.83770689,28.88239423,30.5,82.6
2240,37.17562542,25.14010732,28.30219575,29.8,81.4
2250,36.45833965,24.90204248,28.31296675,30.7,82.7
2260,36.44755607,24.87895178,27.98123704,30.1,83.3
2270,34.51829701,25.70983638,28.93495198,30.3,81.1
2280,37.57767705,25.82660075,30.3276635,29.8,83.5
2290,36.83483473,25.4375979,29.95901807,30.2,82.8
2300,36.34891815,25.54366364,29.15721179,29.9,81.9
2310,33.74531358,25.01433041,27.80505543,30.4,84.5
2320,38.32164172,24.89864614,29.55280706,30.7,83.8
2330,35.87505322,25.02921042,28.09832711,30.7,83.9
2340,35.09016015,25.24937963,29.30043787,30,85.4
2350,39.72452341,25.40745738,27.47808205,30.1,84.8
2360,40.22889584,25.76982631,29.76704987,30,84.9
2370,38.78385761,25.18512532,27.60429296,29.9,82.2
2380,36.99525572,25.25877929,29.13390913,30.2,83.1
2390,41.55916055,25.91164374,29.29604333,30.5,83.9
2400,40.06496205,25.50710299,28.32160792,30.5,83.8
2410,39.03530388,25.34349747,29.89963824,29.9,81.7
2420,42.29408073,25.6674939,28.95921875,30.7,83.1
2430,43.92817386,25.81296849,27.95698593,30.6,82.3
2440,39.87191781,25.83926737,29.28668137,30.1,82.4
2450,44.96382544,25.78282644,29.21824672,29.8,84.8
2460,41.40754461,25.16635749,27.67276689,30.5,82
2470,45.37149344,25.10034671,28.75671862,30.6,83.5
2480,41.90281066,25.90879482,28.12452973,30.3,83.3
2490,42.69132384,25.21466074,27.67469382,30.7,84.9
2500,43.14478909,25.80416682,28.77836495,30,85.3
2510,42.91606692,25.88245012,27.97732094,30.1,82.5
2520,44.50477369,25.70841023,29.5023469,30.7,84.9
2530,47.33946982,25.12641652,28.91026037,30,85.2
2540,45.17893388,25.89970479,29.53787028,30.6,84.3
2550,43.34401642,25.09182688,29.13279227,30.6,84.3
2560,45.53288884,25.48651851,29.22026903,30.7,85.3
2570,46.68889698,25.95260392,27.95980653,30.3,82.3
2580,44.91975538,25.06275563,26.91040579,30.3,84.3
2590,42.75819133,25.63817412,29.81745429,30.1,85
2600,44.39526349,25.08759371,27.59057598,30.3,80.6
2610,43.19237054,25.9067727,30.55983252,30.4,84.9
2620,44.43653648,25.8140927,29.6885674,30,85.3
2630,44.48716898,25.35375942,27.46836728,30.1,80.6
2640,41.63095927,25.51153707,29.38042629,29.8,81.4
2650,41.52704364,25.5600659,28.88238067,30.6,84.3
2660,44.40167485,25.51380588,28.30711224,30.1,84
2670,40.79087723,25.04368335,29.52886471,30.1,82.9
2680,41.00576483,25.67936553,28.12336939,30.1,84.2
2690,39.6809482,25.50450838,28.63394309,30.4,82.2
2700,39.12480584,25.1853814,27.23688735,30.1,83
2710,41.27877367,25.91512167,29.88014958,30.6,82.4
2720,38.47559845,25.24443583,28.68830335,30.4,84.5
2730,36.91015464,24.95543569,27.07246603,29.9,81.7
2740,37.62742599,25.57850596,29.24649952,30.4,84
2750,35.43413476,25.45418574,30.30913355,30.2,85.4
2760,35.01280168,25.24888721,29.54819909,30.2,83.4
2770,36.7748126,25.41422025,27.79602306,30.2,85.5
2780,34.36854831,25.38902178,30.23167771,30.5,82.3
2790,38.14979124,25.08892388,29.9186636,30.1,83.8
2800,36.21606071,25.58886674,30.02525879,30.4,81.5
2810,37.86393503,25.88327918,29.43655861,30.6,84.5
2820,37.67221748,25.74730786,29.182441,30.3,82.4
2830,35.72206385,25.76800656,30.66947463,30.2,81.4
2840,35.82972585,25.83441092,29.47416764,30.5,81
2850,33.74992006,25.31411099,28.22356321,30.7,85
2860,34.12743841,25.23995067,29.49436825,30.4,83.8
2870,35.3204765,25.39169787,28.68182583,30.7,80.9
2880,32.78271839,25.1506454,27.50063033,30.6,84.1
2890,37.17433456,25.46735406,28.78253331,30.3,80.9
2900,33.23022896,25.55147538,28.81730968,30.3,84.3
2910,33.55112766,25.55819639,28.11204477,30.7,84.5
2920,37.12119241,25.2288445,28.21323256,30,81.4
2930,36.45666083,25.53542351,27.77392643,30.2,83.9
2940,38.31641669,25.07709165,27.42487449,30,82
2950,39.36177507,25.5995535,29.82469454,30.4,84
2960,39.25309732,25.80594734,29.07866932,30.5,80.7
2970,39.63803645,25.16177185,28.18282898,29.9,83.9
2980,37.39302039,25.33321642,29.14227003,30.7,85.3
2990,38.19735558,25.04683458,29.36539433,30.1,83.4
3000,39.24744515,25.44979792,29.35264684,30.4,84.8
3010,38.92321317,25.87469424,30.2607872,30.6,85.3
3020,40.81634461,25.31940774,28.9096854,30,82.4
3030,43.0065785,25.91045106,29.04953572,30.3,83
3040,43.53718605,25.72672277,29.46718514,30.1,85
3050,44.56679131,25.21467402,29.74558786,30,81.4
3060,41.88701533,25.39652598,29.6169061,30.7,85.3
3070,43.42415733,25.80511372,28.68532369,30.7,80.7
3080,45.26287907,25.65989227,29.14599001,30.5,84.5
3090,43.4649597,25.83470309,28.31787898,30.4,82
3100,46.33678958,25.65129349,29.10249779,30.5,81.3
3110,42.2097934,25.6454909,30.23404276,30.2,82
3120,46.66537333,25.88265155,27.69019435,30.6,81.4
3130,43.36200481,25.28068306,27.91966651,29.9,83.3
3140,47.36951623,25.80997472,27.78165224,30.7,81.9
3150,42.8146051,25.70665304,27.93968575,29.9,80.9
3160,47.38982266,25.13260931,27.74317261,30.7,84.6
3170,43.76198305,25.26507466,27.05657963,30.5,81.7
3180,44.38928273,25.48178745,27.37437346,29.7,83.8
3190,43.76835656,25.04385332,27.61187777,30.5,81.8
3200,46.30052145,25.83961652,27.6655555,30,84.2
3210,44.35009958,25.61674851,29.36271519,30.7,83.4
3220,45.802384,25.51854485,27.32476119,29.8,80.7
3230,44.43637849,25.28286522,27.45292647,29.8,84
3240,41.42597424,25.29156545,28.91458214,30.4,81
3250,40.97511623,25.03356022,27.90371182,30.1,83.1
3260,44.31584839,25.15226432,28.57003683,29.9,83.5
3270,42.58294063,25.23689995,28.85795283,30.3,84
3280,42.9557139,25.8924854,29.17294695,30.4,81.7
3290,38.02289775,25.62995913,28.2336204,30.4,82
3300,41.97317807,25.70650529,29.55576304,30.3,83.9
3310,37.09734346,24.94044943,29.46365135,30,81.9
3320,37.79392887,25.44657432,30.23358101,30.4,83.5
3330,39.32124017,25.42464719,29.37470351,30.6,85.4
3340,36.76693449,25.36582774,28.2098101,30,84.8
3350,39.18937301,25.58446992,29.23582002,30.5,84.7
3360,36.03918284,25.76934146,29.69884438,29.8,80.8
3370,37.5566555,25.88208341,28.59822527,30.1,83.8
3380,38.04710233,25.06894446,28.30611569,29.8,82.1
3390,37.3412869,25.40531772,28.7400442,30.6,82.9
3400,34.90373807,25.09503564,27.69121844,29.8,81.4
3410,34.55418628,25.85136147,28.25881443,30.2,84
3420,34.10320525,25.26045976,27.87901009,30.1,84.5
3430,35.31367408,25.55613215,30.46508587,30.2,82.4
3440,34.00977427,24.94073746,29.55228691,30.6,82.7
3450,36.67120324,25.13728795,29.17386341,30.7,82
3460,37.23662718,25.12463997,28.82762581,30,84
3470,33.54209978,25.0425892,27.82730483,30.5,83.1
3480,37.70296858,24.97892391,29.57354538,30.6,83
3490,35.98542424,24.975138,27.17511655,30.5,81.4
3500,34.35749873,24.89679515,27.84900924,29.9,81.6
3510,37.3305044,25.46040843,30.22625843,30.3,85.6
3520,35.00662555,25.15934899,27.96161653,30.3,82.1
3530,38.91631343,25.24787115,27.72147199,30.4,85.2
3540,34.63816472,25.12877538,27.90755762,29.7,85
3550,35.34624523,25.68441925,28.93700997,30.5,82.1
3560,36.10227676,25.77050053,29.56622514,30.6,81.9
3570,39.40810406,25.39390843,27.82736631,30.4,84.3
3580,40.0332255,25.88958599,29.55776544,30.7,83.9
3590,39.05108958,25.01077934,29.3488398,30.2,82.4
3600,40.76607789,25.13681392,29.79955599,30.3,84.2
3610,38.8226311,25.32073009,28.59828394,30.3,83.6
3620,39.53517455,25.13081781,28.94573905,30.7,83.1
3630,42.86313477,25.07667729,29.02980702,29.9,85.4
3640,44.01518026,25.28407682,27.50271959,30.4,84.8
3650,44.24174008,25.01074539,28.88152927,29.9,83.6
3660,43.87551302,25.09076077,28.7199522,30.7,83
3670,41.03730275,25.80904808,28.04495228,30.5,81.6
3680,42.32528607,25.32248611,27.9681049,30.2,83.1
3690,45.96296458,25.86929112,28.96007564,30.6,85.2
3700,44.00456959,25.71342235,29.25787152,30.1,84.8
3710,45.47736358,25.15731503,27.93919502,30,83.2
3720,45.17037845,25.90073587,28.09317502,30.6,81.5
3730,43.58894615,25.85077308,29.57897392,29.9,85.2
3740,44.0895531,25.91213459,29.97651121,30.7,83.7
3750,43.95076161,25.90566106,28.89273715,30.1,82.7
3760,46.30846974,25.24134503,28.98970897,30,82.8
3770,43.26095138,24.99338346,28.92645,30.3,82.6
3780,42.95976878,25.05128364,29.16313954,30,82.3
3790,45.46893952,25.50296924,27.63674121,30.7,84.2
3800,42.19313158,25.52647253,29.20402458,29.8,81.8
3810,46.2697415,25.59220763,28.70204537,30.3,80.9
3820,41.90028646,25.06139567,27.12231606,30.4,82.4
3830,43.92013534,25.73107973,27.5047755,30.1,83.1
3840,41.12924157,25.4783158,29.59113167,30.1,84.9
3850,41.49257632,25.45697382,29.86775593,30,84.7
3860,41.45019062,25.51451147,27.74290372,29.8,83.3
3870,42.39824909,24.97363536,26.85249935,30.1,82.2
3880,41.31223536,25.14357646,28.27959656,29.9,80.6
3890,40.85267447,24.92509045,27.31333095,30.7,80.7
3900,40.39821949,25.3747486,29.63112279,30.2,81.9
3910,39.05963299,25.75015289,30.20106897,29.9,82.2
3920,38.69244753,24.89752286,28.5639179,30.4,83
3930,38.27623318,25.43397133,27.67166262,30,83.5
3940,36.48632262,25.82844023,29.0825963,30.2,83.8
3950,35.75878402,25.00759776,27.91969457,30.1,84.8
3960,36.68909846,25.50638535,30.01441032,30.2,81.3
3970,38.43139404,25.22790677,27.43666907,30,81.5
3980,35.42971818,25.39132736,27.77351849,29.7,80.9
3990,38.16319369,25.27731485,27.33436823,30.1,83.5
4000,34.14146158,25.16547709,29.72438805,30.4,83
4010,36.87268854,25.2193958,28.29324105,30.5,84.8
4020,37.73982198,25.75958273,30.39333364,30.4,81.5
4030,35.52653324,25.61294529,28.02445568,30.2,83.4
4040,35.52727729,25.53907246,28.87177055,30,82.1
4050,33.08312633,25.50815793,29.4362033,29.9,83.5
4060,36.49365044,25.02094367,29.71067619,29.8,83
4070,34.80767185,24.87026596,28.45597321,29.8,81.4
4080,33.40040088,25.7864082,30.01767739,30,85.5
4090,37.30412849,25.16139118,27.4760257,29.8,80.7
4100,33.62995509,25.0439304,28.41678159,29.8,81.3
4110,37.36083172,25.02525172,27.69487247,30.4,85.4
4120,37.20114785,25.03737507,27.45578243,30.6,83
4130,35.97117229,25.78322031,29.8892532,29.8,84
4140,37.5687539,25.77263533,28.21492111,30,84.5
4150,36.98985594,25.18184831,28.08601715,30.3,81.4
4160,40.07428004,25.67328435,27.67967243,29.8,83
4170,39.03085446,25.51797594,28.13471102,30.3,85
4180,40.94764922,25.75549863,30.05341095,30.4,82.3
4190,40.75773314,25.43594536,29.99376847,29.8,80.6
4200,41.09173217,25.06198418,27.6722867,30.2,84.3
4210,40.40376788,25.49373112,27.41695748,30.3,84.2
4220,39.04610525,25.01043964,29.17019883,30,84.8
4230,43.57194009,25.49533178,27.6612409,30.2,83.5
4240,44.32078235,24.96164385,29.50353364,30.4,84.4
4250,40.37792044,25.68105389,28.91287281,30.3,84.9
4260,42.02846156,25.32996064,29.6203966,30.5,85.2
4270,44.22758682,25.05174322,28.66787369,30.6,83.6
4280,43.50414491,25.57401428,28.78881222,29.9,84.1
4290,45.7700996,25.39980136,29.72052861,30.6,81.3
4300,42.47856218,25.21650762,28.47814896,30.1,81.7
4310,44.28440324,25.2102359,27.64944513,30.5,83.5
4320,46.72700408,25.94318185,30.41785571,30.6,82.5
4330,45.27811579,25.69911086,27.95130103,30.3,85.5
4340,43.82392366,25.88013074,28.80157381,30.2,83.6
4350,46.88067749,25.91046271,27.67621077,30.1,81.1
4360,44.33760322,25.68281162,29.36396849,30.1,81.2
4370,43.56549269,25.47512228,28.44142195,29.8,82.9
4380,45.15552379,25.51283826,28.95316491,29.9,80.7
4390,45.34742817,25.05258835,29.30625598,29.8,81.6
4400,45.56267709,25.21518109,28.64522434,30.3,85.5
4410,43.2718175,25.85824585,29.74608523,30.5,82.2
4420,43.64039489,25.3287841,27.07441613,30.4,80.6
4430,41.27911988,25.70357412,30.37040474,30.7,85.3
4440,44.71643571,25.75109348,28.76722952,29.9,83.9
4450,44.32624817,25.25403744,29.08371337,30.5,85.2
4460,42.19780372,25.75343922,28.1687635,30.1,85.3
4470,43.54260489,25.3013308,29.01421942,30.2,84.2
4480,41.64141067,25.62737939,29.2389223,30.1,84.2
4490,39.6579561,25.3786055,27.880751,30.6,82.7
4500,42.36521934,25.58430127,27.49899552,30.1,83
4510,38.56298297,25.63371478,29.54391227,29.8,84.6
4520,38.04052407,25.06084653,27.59319055,29.8,84.4
4530,40.64482126,25.610022,29.69023954,30.4,81.1
4540,40.31675109,25.7081386,29.29875327,30.2,83.6
4550,38.11294037,25.14818591,26.99303495,29.7,85
4560,36.66145607,25.09768528,28.31589876,30.4,84.2
4570,34.41972693,24.85470287,29.77392423,29.9,84.4
4580,37.81353246,25.2253603,29.77241683,30.4,81.8
4590,33.75016272,25.3434789,30.0509791,29.9,83.4
4600,33.87612287,25.33701797,27.58716869,30.3,80.7
4610,33.4616969,25.361216,28.62964559,30.4,81.4
4620,34.46207474,25.62324871,29.96873662,30,80.8
4630,36.99508222,25.30249745,29.68134285,30.7,81.3
4640,33.05935247,24.92176364,28.69689671,29.8,81.2
4650,35.7365023,25.08278856,29.05462386,29.8,80.6
4660,33.03258796,25.38983073,29.4943552,29.9,81.6
4670,36.31829625,25.23249275,29.63474597,29.9,81.7
4680,36.31152034,25.56720728,28.91666754,30.4,83.4
4690,36.01814695,25.36829997,29.81219887,29.8,80.7
4700,35.74467798,24.98223931,27.5575688,30.1,81.6
4710,36.01354438,25.39937484,29.69683802,30.3,81.3
4720,35.49013056,25.37616721,27.81532289,29.9,84.2
4730,35.91906311,25.66049505,30.19317879,30.3,81.6
4740,36.36298123,25.26410244,28.68716822,29.9,84.4
4750,38.068557,25.33815187,28.3871844,30.2,82.7
4760,40.21556068,25.12749113,26.97938007,30.4,83
4770,36.58343242,25.62013834,30.49195821,30.6,83.1
4780,40.66077705,25.64984429,29.16786319,29.8,82.7
4790,41.21300503,25.90421519,29.51200362,30,83.1
4800,40.49709248,25.53343957,29.01894791,29.8,83.4
4810,38.9554887,25.56203502,29.87964638,30.5,83.5
4820,41.30614717,25.90563288,30.44095287,30.4,84.7
4830,41.42094887,25.61783244,29.43867739,30.7,82.2
4840,39.88770519,25.86421033,29.15900791,30.7,81
4850,42.02374395,25.4655979,27.98691919,30.2,82.3
4860,42.50360962,25.86569359,29.4192962,30.4,83.7
4870,45.27535479,25.92952737,30.03705166,30.3,82.6
4880,41.62063448,25.86581683,30.5721181,29.9,81.4
4890,44.46349889,25.34182449,28.2424253,30.7,84.8
4900,44.78500213,25.09920921,28.11849206,30.3,82.1
4910,46.76505613,25.53790443,29.84002764,30.3,85.2
4920,45.00798777,24.98924698,27.02477967,30,83.3
4930,44.65428541,25.66390679,28.12084345,30,84.7
4940,46.18718999,25.44536212,29.93486701,30.1,82.4
4950,44.28035445,25.3176282,28.92636897,30.2,82.3
4960,42.49205436,25.10230586,28.38986283,30.3,84.9
4970,43.13626672,25.34108501,29.05639559,30.5,82.3
4980,42.68107569,25.00410224,27.94167522,30.6,82.2
4990,42.80237814,25.5504866,28.74844831,30,81.4
5000,44.13337177,25.40296646,28.45725513,30.5,83
5010,45.19002291,24.99834471,27.54562796,30.6,81.8
5020,43.12624513,25.76590672,30.45190601,30,82.4
5030,41.543095,25.23150421,28.1473178,30.7,83.9
5040,40.99577954,25.79104601,30.06101858,30.4,82.6
5050,44.37717567,25.16076239,27.81234537,30.4,82.2
5060,42.21792814,25.58604592,29.80746031,30.2,83.5
5070,39.58699689,25.21016052,28.18654222,30.5,81.3
5080,41.84704647,25.06816427,28.66467384,30,81.3
5090,40.56434518,25.27663351,27.44591219,30.1,81.4
5100,38.86712645,25.65195742,28.91163835,30.7,84.6
5110,41.41123412,25.31978194,29.202944,30.2,80.7
5120,38.83345093,25.13888779,28.97744274,30.6,84
5130,38.1692154,25.81471995,28.7182074,30.1,83.2
5140,37.20998641,25.19423893,29.9489258,30.2,85
5150,35.51759753,25.567172,28.37464849,30.2,83.4
5160,37.3071697,25.856788,29.95724455,29.9,83.3
5170,37.11426555,25.25867188,27.19307576,30,85.3
5180,37.97804293,25.75699019,28.42398483,29.9,82.6
5190,37.79652752,25.76074564,29.42215185,30.6,83.4
5200,37.78580486,25.05927236,29.16808472,29.8,84.4
5210,35.25037254,25.50442146,28.14811165,30.7,81.2
5220,34.27625597,25.22462432,27.3948337,30.6,82.4
5230,36.65974862,25.83617936,29.41187611,30.1,81.8
5240,34.10341259,25.64780163,29.93357886,30.3,84
5250,36.81862212,25.22395253,27.67238428,30.6,81.7
5260,32.91048607,25.60372154,29.36565708,30.4,85
5270,34.42394929,25.05866084,27.09426553,30.4,84.8
5280,36.17181955,25.10562382,29.44442954,30.4,83.9
5290,36.8541981,25.44326123,29.58137789,30.1,85.5
5300,35.28021519,25.33655769,29.62942381,30.6,81.9
5310,33.9032331,25.58910241,28.0821532,30.4,81
5320,38.40998395,25.44343456,30.25572117,30.1,82.6
5330,36.30139374,25.00152836,27.28599008,30.6,83.7
5340,35.50622419,25.65795967,28.94881546,30,81.4
5350,35.67323905,25.78324425,29.0897354,30.2,81.3
5360,35.8181446,25.19210965,29.51454012,30.1,83.8
5370,37.00411859,25.77760454,28.33575747,30.4,81.8
5380,37.89716453,25.41873627,27.89662968,30.6,82.7
5390,40.0054962,25.85460315,29.79366915,30.2,85.3
5400,38.87315357,25.85868707,30.51396995,30.1,80.8
5410,39.66247195,25.19298786,28.31930416,30.1,81.1
5420,41.07424197,25.60265067,28.51274993,29.8,82.1
5430,43.03749671,25.59654108,29.80190271,30.5,84.5
5440,40.90249067,24.97247573,28.28522245,29.8,85.2
5450,41.30378134,25.80229888,29.59784261,30.1,85.2
5460,42.07033852,25.06132636,27.97078051,29.9,81.9
5470,44.3428926,25.38480919,28.40392291,30.7,82.7
5480,42.3577395,25.38768048,29.08525073,30,82.5
5490,41.80668134,25.1223055,27.25144528,30.7,83.2
5500,45.49949619,25.47699139,28.29477793,30.6,84
5510,42.69777778,25.71132191,29.14503716,30.6,81.2
5520,45.45433557,25.14643163,27.27430045,30.7,81.6
5530,46.53983971,25.50440688,28.08157774,30.2,81.9
5540,45.45523541,25.47911272,27.34007742,30.3,82.8
5550,43.50358825,25.52774912,29.82687859,30.6,82
5560,44.97350193,25.19806921,27.69354363,30,85.5
5570,44.23306737,25.31946766,28.5444021,29.9,85.2
5580,46.14183408,25.74005806,30.1473989,29.8,84.4
5590,45.0248221,25.87132566,29.9514312,30.3,80.7
5600,46.63445405,25.60709443,29.26692109,30.7,84.9
5610,45.78770152,25.90089683,28.28183946,29.8,84.2
5620,41.37130079,25.38127146,29.14758063,30.3,82.1
5630,41.33031295,25.79946518,28.50773388,30.1,81.8
5640,43.33988057,25.64802739,28.99427863,30.3,83.7
5650,40.85492618,25.39206852,27.85095831,30,83
5660,42.96986802,25.40307529,27.99939393,30.4,80.9
5670,42.58966128,25.3534596,29.79076639,30.4,82.7
5680,41.77480863,25.81430155,29.90720678,30.6,83.5
5690,39.66448444,25.04726949,27.96756441,30.3,85
5700,38.83075727,25.57933734,30.14250109,30,84.3
5710,38.17093485,25.76417852,29.32198834,30.3,81.9
5720,37.29750771,25.47400321,29.49724854,30,83.2
5730,37.77126902,25.60210532,30.15535828,30.3,82.8
5740,37.82394114,25.456771,29.19391639,29.9,81.8
5750,39.81112617,25.46754856,29.7840062,30.4,82.1
5760,38.80030849,25.73611715,30.50154277,30.6,81.4
5770,36.10281061,24.90064566,29.4458144,30.3,84.6
5780,36.02792852,25.55940038,29.52566656,30.2,81.5
5790,35.98637743,25.11065557,28.39595256,30.6,82.4
5800,37.23744342,25.46318878,29.91108231,29.8,84.3
5810,32.93607926,25.4059924,28.9791123,30.7,83.3
5820,36.78264119,25.13075715,28.71563144,30.4,81.8
5830,34.49416149,25.69069541,28.16112695,30.7,83.9
5840,36.81579262,25.25436536,27.7027707,30.1,84.5
5850,33.20689677,25.56048306,29.94887867,30,82.9
5860,35.8759273,24.95978119,29.6425983,30.1,84.4
5870,33.1741721,25.57060026,30.33048594,30.7,85.6
5880,36.42259628,25.14633314,29.04896099,30.7,83.9
5890,33.85954263,24.90452905,28.90690877,30.1,82.4
5900,37.76916755,25.54282546,27.77706387,29.9,83.2
5910,33.63873695,25.73480401,29.48902334,30.1,85
5920,35.72191421,25.12971628,28.84517458,30,82
5930,36.77805579,25.20590467,28.4048864,30.1,83.3
5940,39.14008254,25.70980679,29.34889475,29.9,84.8
5950,39.85748527,25.12139067,27.21676313,29.8,82.1
5960,35.48934795,25.52660558,27.97509883,29.8,82.6
5970,38.2048182,24.93590563,29.61490225,30.5,83.7
5980,37.17382649,25.05562963,28.21514842,29.8,84.8
5990,37.44542378,25.68299345,28.32156762,30.1,84
6000,40.17294586,25.00887379,29.42609783,30.7,85.4
6010,40.4469522,25.12421685,29.20121087,29.9,81.9
6020,41.96748666,25.69868439,28.14586257,30.2,83.8
6030,40.53923828,25.1566263,27.8505745,29.8,83.8
6040,42.36806172,25.53477844,30.22238959,29.9,80.8
6050,43.09763993,25.16239698,27.84851652,29.9,81.1
6060,45.12895957,25.4812117,28.00300501,30.3,82.3
6070,41.21431509,25.69471032,28.79564695,29.9,83
6080,43.87597088,25.38364993,29.87555931,30.7,81.3
6090,41.95840251,25.87962485,27.74108722,30.7,82.7
6100,45.14952868,25.90954245,28.55219587,30,82.4
6110,46.49527637,25.6538799,27.35981069,30.6,82.4
6120,46.28082773,25.87046868,30.47267615,30,84
6130,44.34015554,25.72993181,28.83982248,29.8,83.9
6140,44.4107629,24.99733578,29.23494959,30.5,82.4
6150,45.14615076,25.45701117,27.84167212,30.5,81.1
6160,45.52740287,25.30241772,29.47382331,29.9,82.3
6170,44.44573972,25.69624662,28.0436793,30.1,84.3
6180,42.75076237,25.81929059,29.9463367,30.5,82.3
6190,45.59271691,25.37288446,27.95210646,30.1,84.6
6200,44.8129552,25.92244291,29.52457229,30.1,81.8
6210,42.09452536,25.8601791,27.59364716,29.7,80.9
6220,43.36213113,24.94922547,28.82348605,30.4,85.3
6230,42.52883714,25.61134664,28.07333123,30.5,85.1
6240,43.22027046,25.86428504,29.31717365,30.5,80.6
6250,42.14021733,25.89383117,30.60922098,30.2,81.2
6260,43.42390319,25.93353672,28.4769778,30.6,85.2
6270,42.99022402,25.0820442,27.06030489,30.6,85.2
6280,38.91474579,25.1075389,27.58066727,30.4,83.5
6290,40.55552466,25.71909971,28.00295446,29.8,85
6300,39.28132029,25.77743315,28.51275933,30.7,83.4
6310,37.94233679,25.41700157,28.85771837,29.8,84.7
6320,40.40570022,25.61882833,29.54715445,30.5,84.1
6330,36.31114383,24.88831074,27.92341072,30,82.5
6340,39.18008728,25.26929196,29.25218398,30,80.6
6350,37.72322915,25.7388736,28.80797032,30.1,84.4
6360,37.33005905,25.47499139,29.37147586,30.5,83.4
6370,35.86078299,25.21603176,29.63379698,30.2,80.8
6380,35.53477643,25.67231314,28.59346493,30.7,82.1
6390,34.00644827,25.09742192,28.19681316,30,81.5
6400,33.45454324,25.64001562,28.26695359,30.6,85.1
6410,34.25810791,25.64946813,28.71493416,29.8,84
6420,33.46385107,25.69892753,30.31614244,30.7,80.7
6430,37.30300648,25.23427524,28.8485671,30.3,81.6
6440,34.11002164,24.89043287,27.19852964,29.8,81.8
6450,33.67511422,25.08152919,28.13184058,30.3,81.2
6460,32.85599959,25.68920605,29.93693549,29.9,81.2
6470,37.40476713,25.6116969,28.95921052,30.1,83.7
6480,33.06860846,25.07126562,30.01197469,30.4,82
6490,36.36447263,25.23380191,27.12838674,30.5,83.9
6500,37.54413571,25.41977227,28.72069947,30.3,84.9
6510,34.58439165,24.87103862,29.0109756,30.2,81.4
6520,34.95056196,25.45233965,29.80200617,30.5,83.9
6530,34.91105725,25.84430952,30.15818306,30.5,83.7
6540,37.25482035,25.46349185,28.65602876,30.5,83.1
6550,36.80966875,24.91325951,28.86141327,29.9,81.2
6560,38.60452306,24.91048942,29.19784089,30,81
6570,37.95070788,25.48324139,29.52973082,30.7,85.1
6580,40.87259154,24.93915503,27.24801584,30.5,84.5
6590,37.70321177,25.59589019,27.98612474,30.2,83.3
6600,39.54178581,25.42659185,28.19249677,29.8,82.1
6610,39.39796489,25.63891426,29.63970141,30.2,82.8
6620,43.21146635,25.1143247,28.30112737,29.8,83.4
6630,41.48293115,25.33526878,27.94319731,30.1,84.8
6640,40.42389749,25.56544147,29.94611548,30.3,82.7
6650,43.61984976,24.95732839,27.20748895,30.6,83.1
6660,41.92048788,25.04920983,28.67163974,30.1,81.4
6670,44.65510806,25.33125303,29.13585958,30.7,83.4
6680,42.80366089,25.73290373,28.59033714,30.1,85.3
6690,42.92043684,25.32080453,28.528917,30,82.9
6700,46.36728813,25.11265452,29.62597816,30.7,85.3
6710,44.8009535,25.7986763,29.66848291,30.1,85
6720,45.80315041,25.18863455,29.23016656,30.2,81.1
6730,47.16149538,25.97223136,29.12138204,30,83.3
6740,46.34368534,25.73447031,28.00588418,30,82
6750,44.39960736,25.85327445,29.80436637,29.9,84.8
6760,43.17895093,25.54357728,28.06253302,30.3,85.5
6770,43.33811207,24.99472325,28.51015571,30,81.7
6780,45.22049114,25.19286215,27.85065526,30.3,82
6790,42.26570085,25.37266399,27.61577475,30,84.6
6800,44.27450009,25.2780587,27.82963414,30.5,84.2
6810,45.45485218,24.99080464,29.60842254,30.1,85.5
6820,44.74480457,25.26234768,28.07925549,30.5,85.2
6830,41.84763799,25.06278267,29.21226949,29.8,82.1
6840,41.69183717,25.75777817,27.54181931,30.3,82.3
6850,42.10729826,25.02618381,28.6607193,29.8,83.2
6860,42.02166851,25.15028401,27.32303162,30.2,84.5
6870,39.33312177,25.06976576,29.51698293,30.7,84.9
6880,39.12966228,25.30689135,28.52806186,30.5,84.7
6890,40.76509044,25.74758871,29.17710859,30,80.9
6900,38.35238602,25.45595541,28.76894603,30.7,81
6910,40.24046051,25.17439876,29.15638594,30.7,83.7
6920,36.73066005,25.58248475,29.47648985,30,81.3
6930,38.87512893,24.97876134,26.83015354,30.3,85.2
6940,39.51326816,25.48948927,28.73497179,30.6,85.5
6950,35.93705941,25.53824575,30.34291753,30.2,83.9
6960,38.45775817,25.17617993,28.42666921,30.6,83.3
6970,37.55662743,25.26717654,28.47130828,29.8,83
6980,37.75038743,25.06609281,28.89870328,29.8,83.2
6990,36.31953615,25.74271584,30.45074991,30.7,83.3
7000,36.4757258,25.8544265,29.0533016,30.2,80.9
7010,33.84260721,25.32134057,28.19774365,30.1,82.9
7020,37.23745123,25.18894576,27.94790985,30,81.4
7030,36.71256384,25.12717241,29.008016,30.4,85.3
7040,36.25079196,25.82114935,28.67389622,30.2,80.6
7050,37.1348003,25.12801842,27.5981237,30.7,84.9
7060,36.99488815,25.11437608,27.39203568,30.4,84.4
7070,35.89562359,25.24193576,27.94956601,30.6,81.8
7080,33.09664249,25.2387117,28.43299187,30.7,83
7090,34.78071609,25.8361875,27.79493801,30.6,83.4
7100,33.29864908,25.1263194,29.42526112,29.8,81.4
7110,38.04839477,25.12761272,27.1108906,29.9,85
7120,36.19037209,25.77831514,29.45729642,30.6,82.3
7130,35.45304597,25.60241362,28.95667841,30.5,85.3
7140,37.41737853,25.03357305,29.86458025,29.8,81.9
7150,39.31694398,25.61008085,28.10329184,29.8,81.8
7160,39.65720447,25.20640273,27.40482863,30.5,84.5
7170,37.31316393,25.62309713,30.35063553,30.4,83.1
7180,39.10709027,24.98163398,27.22315093,30.1,83
7190,39.64478222,25.1721204,27.26978844,30.6,80.7
7200,42.1786978,25.53802283,29.56947571,30,80.9
7210,40.77292675,25.6741882,29.46326536,30.3,81
7220,41.66401006,25.21139066,27.77907224,30.2,84.6
7230,42.48603326,25.34054126,27.15576785,30.3,84.7
7240,41.71650312,25.53091983,28.69137068,29.8,81.9
7250,43.03305352,25.79069982,29.92560747,30.3,80.6
7260,40.48960619,24.95361324,28.954755,30.5,81.5
7270,44.02312708,25.20591756,28.24959979,29.9,81.1
7280,45.36327534,25.76829265,27.8372546,29.8,82.3
7290,43.4727957,25.35720546,27.72500076,29.9,83.8
7300,44.05767807,25.7991124,30.27605836,30.2,84
7310,44.54923627,25.43325399,28.13123887,30.1,83.4
7320,46.0346199,25.5040468,27.71282714,30,84.2
7330,45.39488306,25.86158813,28.43116773,29.9,85.1
7340,43.89216996,25.8813948,28.12980848,30.5,83.5
7350,42.74649712,25.042044,27.37930597,30.3,84.2
7360,42.70130655,25.8000177,29.59489638,30.3,81.9
7370,45.59211999,25.68954745,30.31074425,30.4,81.9
7380,43.66628177,25.90244504,27.78157384,30.6,82.2
7390,43.69497488,25.66639869,29.96293428,30.7,81.7
7400,44.12940799,25.77694633,28.711139,30.6,82.7
7410,43.69739975,25.42724741,27.60856294,30.5,85.1
7420,41.81830493,25.6464386,30.2055772,30,85.5
7430,43.58411393,25.28154079,28.72116976,30.3,83.5
7440,42.64718501,25.23516821,27.93903341,30.5,85.5
7450,43.30693654,24.95044957,27.42355838,29.8,82.3
7460,42.14695634,25.89959252,28.73768449,30.3,83.9
7470,43.26753536,25.29763627,27.31859388,30.4,81.4
7480,39.29090092,25.18019791,29.7366946,30.6,81.7
7490,41.42655161,25.8378768,30.04734678,30.6,84.9
7500,37.69815471,24.94552695,28.75343302,30,81.6
7510,39.00280255,25.17703311,28.3583766,30.6,82.5
7520,39.79653644,25.0767547,27.92872222,30.5,85.1
7530,36.88213295,25.64884018,27.77544203,30.2,81.5
7540,39.8854126,25.38629088,29.79236295,30.1,85.5
7550,36.94939651,25.04519605,29.69576361,30.4,84
7560,37.29985522,25.75673094,29.7408703,30.3,81.1
7570,36.95717,25.4705423,28.80429173,30.6,81.9
7580,37.19656354,25.53848577,27.61971349,30.7,84.6
7590,38.25992478,25.36559282,29.97280252,30.5,81.3
7600,37.28274378,24.91443082,27.12380514,30.2,83.3
7610,34.67191253,25.05448896,27.52076673,30.2,83.4
7620,36.02983899,25.41014346,27.95995966,30.2,83.9
7630,33.89100514,25.31872553,29.62047159,29.9,84.2
7640,33.25878223,25.72975618,29.54112864,30.1,81.1
7650,36.79983556,25.56289607,27.79680826,30.1,83.5
7660,35.17203558,25.4780013,28.65205243,30.7,80.8
7670,37.58108819,25.30169285,28.57472299,30.1,82.2
7680,32.92542546,25.42633221,27.90132154,30.3,81.9
7690,34.92762142,25.43711536,28.81615159,29.8,83.6
7700,35.18067359,24.88636257,27.30399171,30.7,81.8
7710,36.7927893,25.51989644,29.58273467,30.3,84.1
7720,34.02414745,25.4659108,29.24918047,30.7,83.8
7730,38.60504949,25.06529286,27.7136467,30.5,84.6
7740,39.46095019,25.21234195,28.29550175,30.3,82
7750,39.79746962,25.71622981,28.75594611,30.5,84.4
7760,36.94388248,25.14383194,28.1175467,29.8,84.7
7770,40.90150866,25.12943596,27.17325602,30.4,82.3
7780,40.13751939,25.1077131,27.15259803,29.8,83.2
7790,37.49047715,24.91154321,28.48477972,30.7,84.6
7800,42.17775593,25.64346633,27.9534496,29.8,83.7
7810,42.4870476,25.28157406,27.0507792,30.2,82.3
7820,38.91141121,25.40422513,28.95790082,30.3,80.6
7830,40.96737381,25.83634754,29.52034361,29.9,83.1
7840,40.09919456,25.2415486,29.55192197,29.8,82.6
7850,40.6887068,25.59312724,28.14497524,30.6,82.5
7860,40.96450848,25.81194685,29.2560193,30.7,82
7870,45.36540024,25.36608977,29.25390692,30.5,82.7
7880,43.16178982,25.21052556,27.19692656,30.5,80.6
7890,44.83804918,25.3168434,27.8842497,30.3,81.1
7900,43.62859957,25.69178375,27.77852262,30.1,84
7910,46.9809801,25.73798392,29.97137157,29.9,82.5
7920,46.54832016,25.27173378,28.75556173,30.2,84.9
7930,43.62384083,25.44896749,28.82094822,30,82.3
7940,45.97357287,25.86065122,28.6141939,30.6,82.7
7950,44.21364261,25.37370464,29.63255076,29.8,82.5
7960,42.4984391,25.00369569,26.7203725,29.8,82
7970,44.0949629,25.31950529,28.55388858,29.8,82.8
7980,45.68997491,25.16465324,26.83989127,29.7,83.3
7990,43.45940989,25.12141447,29.79947167,30.1,81.9
8000,46.03170676,25.67432146,28.60270874,30.5,83.9
8010,45.42278671,25.57455065,28.82403041,30.7,82.2
8020,45.64475537,25.34469119,28.6800492,30.6,83.1
8030,43.68222359,25.54477,29.94980681,30.1,81.9
8040,40.55256376,25.61881758,27.99865293,29.8,83.3
8050,43.5290204,25.32954271,27.28237562,30.4,81.6
8060,44.27512303,25.4291509,29.16076607,30.7,83.8
8070,43.02986081,24.94696191,26.7184517,30.7,84
8080,40.87595052,25.46690783,30.19753885,30.5,83.8
8090,40.21382555,24.98757141,27.77016935,30.2,81.3
8100,41.55335499,25.48943487,28.02804435,30.5,82
8110,37.5302943,25.71653863,29.42811228,30.4,82
8120,38.5458195,25.36663584,28.11536834,30.6,85.4
8130,37.47903331,25.81749374,28.70916984,30.4,81
8140,35.60437988,25.04109255,28.49913874,30,84.5
8150,35.60482768,25.81610498,30.60381716,30.8,82.5
8160,34.93301132,25.79086304,29.74484874,30.4,85.5
8170,34.33182407,24.90727688,27.30493134,30,83
8180,34.18725405,25.7172278,29.10897331,30,84.8
8190,37.86486115,25.41402335,28.7984298,30,81.1
8200,36.49319282,25.10773884,28.09806095,30.6,82.5
8210,34.47462916,24.87421085,27.06757647,30.3,81.5
8220,35.16069263,24.95042268,27.76282925,30.6,83
8230,34.41931858,25.67942054,29.19362223,30.5,84.7
8240,33.73933897,25.58267748,29.30736005,30,80.7
8250,33.93689702,25.82685664,29.44957146,30.6,81
8260,35.74129627,25.11387364,27.43344883,30.3,83.8
8270,36.70933423,25.64519364,29.0372218,29.8,84.3
8280,35.93640803,25.51632153,27.82582952,29.9,81.2
8290,37.88364894,25.00762928,28.24093513,30.5,82.1
8300,36.8310205,25.27270791,29.98351845,30.2,83.7
8310,37.70585521,25.18520447,28.24758796,30.3,83.4
8320,37.25858921,25.22932494,27.69301251,30.5,81.1
8330,35.5446708,25.18011191,29.98840428,29.9,81.9
8340,35.9380923,25.4546448,30.20895852,29.8,82.4
8350,38.15473654,25.04272579,27.47416109,30.5,84.3
8360,37.16222828,25.34950226,28.06682796,30.3,84.8
8370,36.44727241,24.99058408,27.45828752,29.8,82
8380,40.24355179,25.13618854,28.44276411,29.8,84.2
8390,37.43332516,25.18730305,29.15085984,30.3,82.1
8400,38.0209475,25.64405405,28.06035928,30.1,82.7
8410,39.90548623,25.40272584,29.6952677,30.7,81.3
8420,40.17463198,25.07170788,29.7026608,30,83.9
8430,40.49319432,25.09184619,27.56493476,29.8,81.7
8440,41.64432464,25.75147044,29.79803005,30.2,83.1
8450,43.02016185,25.3546815,27.58795187,30.1,84.4
8460,43.43704173,25.36065591,30.02340526,30.7,81.3
8470,42.3063666,25.6286472,29.05285983,30.4,85.3
8480,43.15852571,25.49256035,27.74309989,30.6,83.3
8490,45.27833481,25.78895969,28.49586921,30,83.9
8500,44.83157055,25.61047605,29.57083365,30.6,84.5
8510,43.20766311,25.30908894,27.8729376,30.6,84.9
8520,45.86707275,25.63598186,29.43116596,30.4,85
8530,45.20703043,25.6602769,27.41733589,30.6,84.9
8540,43.33672796,25.36098685,29.08662578,30.1,85.4
8550,42.53414435,25.86253659,28.44057464,30.1,84.7
8560,44.13277606,25.62963124,28.63450156,30.6,85.4
8570,46.43654685,25.48399576,29.28400866,29.9,83.1
8580,44.87853731,25.21573496,26.90922068,30.4,84.4
8590,44.00402218,25.43047361,28.91628078,30.4,82.5
8600,43.02778129,25.73387571,28.98241827,30.3,82.7
8610,41.96115773,24.93388119,27.28478211,30.1,83.8
8620,41.93095896,25.48995061,30.03138769,30.4,83.1
8630,44.35170837,25.66586823,28.16132882,30.5,81.2
8640,43.48735623,25.85157196,29.88203106,30.3,81.7
8650,41.35070582,24.95239463,27.60918142,30.7,84.1
8660,39.59526044,25.66713064,28.32103501,30.1,81.9
8670,41.84228052,25.40579617,27.5601664,30.1,81.7
8680,39.97389051,25.03803733,29.43196854,30.7,82.3
8690,41.16409665,25.01710366,28.22366831,30.5,84.5
8700,42.09332874,25.16102404,28.94069789,30.2,83.5
8710,38.42691051,24.91136393,28.98437229,30.2,80.6
8720,39.20988143,25.31093899,27.66008156,30,81.4
8730,38.84448144,25.44726915,27.58479378,29.8,81.4
8740,38.67764143,25.61177145,29.54305444,30.2,82.5
8750,38.46991843,25.02265338,29.08082553,30.7,85.2
8760,38.37164963,25.1066202,27.56270341,30.4,84.7
8770,34.93520516,25.21266937,27.99612295,30.3,81.7
8780,33.80866427,25.4933109,30.41645483,30.4,82.6
8790,38.17739694,25.71452678,27.5932583,29.9,81.3
8800,34.24850645,25.79136183,30.58617086,29.8,81.6
8810,37.54474002,25.03660374,28.80257099,29.9,84.9
8820,33.07823743,24.91364195,26.92634963,30.7,82.4
8830,33.08627003,25.25558771,29.98368306,30,83.4
8840,36.26462683,24.91729971,28.60347371,30.2,81
8850,36.60745553,25.47406705,30.17168198,29.8,85.5
8860,33.76473644,25.07188803,28.50216693,30.6,81.5
8870,36.23097173,25.38383764,29.3754284,30,82.7
8880,35.93280314,25.31062695,28.3051992,30,81.7
8890,33.63511284,25.79985666,30.42532015,30.4,80.7
8900,37.09245647,25.75067873,29.34588264,30.2,81.9
8910,36.89273731,24.99135698,27.04717896,30.7,81.4
8920,38.26073004,25.59592679,30.24110761,29.8,81.2
8930,35.33164159,25.46769747,29.74158397,30.5,84.5
8940,38.23407054,25.71441549,29.49780641,29.8,85.3
8950,39.15416791,25.715169,28.45048572,30.5,81.5
8960,36.86195139,25.0070683,27.29261749,30,85.1
8970,36.65158822,25.34669417,30.05278849,30.2,83.5
8980,39.84173968,25.76353402,30.26686188,30.1,84.7
8990,40.82990294,25.1222873,27.88176423,30,82.4
9000,39.03575787,25.35252814,28.04622159,30.6,81.8
9010,40.62132312,25.12681197,29.67856269,29.9,81.9
9020,40.42023489,25.18692678,29.86690352,30.3,85.2
9030,41.72364677,25.57531938,30.07079011,30.4,82.3
9040,39.8739229,25.23053784,27.49489448,30.6,85.1
9050,43.51242006,25.74509833,29.5845691,30.5,81.5
9060,45.16503639,25.10811999,28.09960478,30.4,80.6
9070,45.57322261,24.97339716,27.84613653,30.3,85.1
9080,45.5279467,25.18174906,28.40957493,30.4,83.2
9090,44.75929977,25.23794092,29.50917377,29.8,80.8
9100,43.98047515,24.95416056,28.65109513,30.3,80.6
9110,42.48938003,25.27402652,29.9190936,30.6,80.8
9120,45.12901199,25.58607086,28.27199233,30.5,82.1
9130,46.34875785,25.43643854,28.82331364,29.8,85
9140,44.26802939,25.26249691,29.4777197,30.4,84.8
9150,43.17115456,25.12709882,29.4665378,30.8,84
9160,43.49445427,25.59856671,29.15824962,30.6,81.3
9170,46.27763365,25.90851222,28.84969424,30.2,81
9180,44.73304394,25.67689079,29.05315358,30.2,82.3
9190,42.69074656,25.93050725,28.91455933,29.8,84.4
9200,42.67922115,25.1600155,28.64324896,30,84.2
9210,45.07651968,25.92269784,27.6463056,30.4,84.6
9220,45.89924447,25.39865241,29.67444997,29.9,80.9
9230,45.18391996,25.947357,30.52879278,30.4,82.8
9240,44.63821839,25.12896843,27.62320418,30.1,81
9250,43.33169558,25.7309568,29.42343682,30.1,81.2
9260,43.24401659,25.29950555,27.08792954,29.9,81.3
9270,41.35728813,24.98275941,28.75413083,30.2,81.8
9280,39.75503899,25.24248373,27.16988934,30.7,84.7
9290,41.60375493,25.33965485,28.41623126,30.1,80.8
9300,39.87283764,25.0098129,29.1118357,30,81.5
9310,38.33086736,25.33112492,30.06088636,30.1,84
9320,36.76362376,25.55378116,29.87276568,30.5,82.7
9330,37.13892656,24.99353742,28.50744559,30.2,85.1
9340,37.43773115,25.72935567,28.38410697,30.1,81.1
9350,35.97214749,25.19618668,27.49956635,30,81.7
9360,38.64111776,25.06266038,27.90203105,29.8,81.1
9370,34.297127,25.68574484,30.49013814,30,85.4
9380,36.57140828,25.24655155,28.8921012,30.5,81.1
9390,35.54596,25.15733806,28.03895465,30,84
9400,36.38192057,25.71526921,28.70376465,30.1,83.3
9410,37.6786734,25.07715617,29.67849813,30.3,84
9420,36.45530542,25.24201823,28.45441622,30.7,85.4
9430,35.20209396,25.75682965,28.56300977,30.6,81.8
9440,33.17420615,25.72110636,28.98284892,30.1,81.7
9450,33.51897206,25.73345263,29.67131292,30,82.6
9460,37.26570637,24.96476456,29.68106347,30,82.9
9470,37.54968119,25.8398359,29.27738839,30.4,81.9
9480,35.39086078,25.08803731,29.69817495,29.9,84.8
9490,36.03727909,25.13922349,29.30468757,30,82.7
9500,34.14754052,25.00746983,27.73025278,29.9,82.3
9510,37.32392814,25.76926047,29.47442203,30.6,85
9520,33.9770146,25.22919686,27.55055437,30.1,83.7
9530,36.07205197,25.10111718,29.04675724,30.3,82
9540,37.05061215,25.04435344,27.66182201,29.9,83.1
9550,36.93719373,25.61339146,28.01812642,30.6,82.9
9560,40.26656898,25.42712846,28.93041843,30.5,84.5
9570,39.51199458,25.72405012,29.65209787,30.1,85
9580,37.22848228,24.88867493,29.64362945,30.3,85.1
9590,39.52333095,25.80625417,29.6600813,29.9,80.6
9600,38.99103285,25.89353396,29.42344869,30.1,81
9610,42.73934063,25.63450311,27.80998798,29.8,81.5
9620,43.44676472,25.70100565,27.4498846,30,84
9630,42.93237529,25.01182385,28.5746252,30.4,82.6
9640,43.25632919,25.63487815,28.75314734,30.4,81.7
9650,41.54100277,25.02305595,28.80842228,30.3,82.2
9660,43.97594831,24.99666711,26.87424289,30.3,85.3
9670,44.01284071,25.45526091,28.36554458,30.5,82.1
9680,41.55776458,25.24502668,27.62960149,30,81.5
9690,43.71463776,24.959443,28.74499119,30,82.3
9700,44.25470954,25.2580405,27.87173181,30,83.9
9710,45.43168242,25.63743861,28.60545337,30.6,85.1
9720,45.48063909,25.92802374,29.70944556,29.8,84.2
9730,43.90096143,25.12589637,28.88976244,29.8,83.4
9740,44.70347656,25.43810928,27.47562069,30,83.8
9750,47.22781323,25.24642409,27.47701554,29.7,83.9
9760,43.59432186,25.746131,30.2751062,30.5,81.2
9770,47.01102775,25.74868148,28.18350723,29.9,82.7
9780,43.54491144,25.88292027,27.93355722,30.2,83.5
9790,42.27397658,25.56425007,28.60604015,29.8,82.7
9800,42.1910422,25.61083571,28.67085226,30.5,80.6
9810,43.98758604,25.87622537,28.95160497,30.2,84.5
9820,45.64782985,25.23986836,27.99721488,30.2,82.1
9830,43.83355998,25.0384209,28.11200453,30.4,83.8
9840,41.94681517,25.76671311,29.23092441,30.6,83.3
9850,40.54265865,25.74889874,28.74212679,29.9,85.3
9860,40.35342774,25.69954909,27.9938771,30.3,81.4
9870,39.44305637,25.8916787,30.35862855,30.3,85.5
9880,41.29027344,25.56262018,28.19544691,30.3,83
9890,40.94851901,25.55688075,28.30284391,30.1,85.1
9900,38.96685069,24.9641638,27.16126054,30.5,85.5
9910,38.42663632,25.80299979,29.62096847,30.7,84.4
9920,37.2549748,25.35595816,29.5444118,30.5,82.6
9930,39.92553421,25.33685289,27.19975787,30.6,80.8
9940,36.10237514,24.96436569,29.09993419,30.5,83.3
9950,35.45591814,25.21898039,28.07335831,30.5,82.5
9960,37.86122654,25.38727457,27.92156846,30.7,81.7
9970,36.16711631,25.12749048,28.42528863,29.8,84.4
9980,38.35601281,25.63424377,27.94043078,29.8,80.8